Master_SKU,Master_Name,Product_Family,Status,Haha_AI_Name,Nayax_Name,Cantaloupe_Name
SKU0001,100 Grand Ice Cream,100 Grand Ice Cream,Mapped,100 Grand Ice Cream 2 fl oz,,
SKU0003,A&W Root Beer 12oz,A&W Root Beer 12oz,Mapped,A&W Root Beer,A&W Root Beer,A&W Root Beer 12oz
SKU0004,A&W Root Beer Zero 12oz,A&W Root Beer Zero 12oz,Mapped,,,A&W Root Beer Zero 12oz
SKU0007,Airheads Xtremes Bites,Airheads Xtremes Bites,Mapped,Airheads Xtremes Bites,Airheads Xtreme Bites,Airheads Extreme Bites
SKU0008,Alani Breezeberry,Alani Variety,Mapped,Alani Breezeberry,,
SKU0009,Alani - Cherry,Alani Variety,Mapped,Alani Cherry,,
SKU0010,Alani - Cherry Slush,Alani Variety,Mapped,Alani Cherry Slush12oz,,
SKU0012,Alani - Orange Kiss,Alani Variety,Mapped,Alani Orange Kiss,,
SKU0013,Alani - Pink Slush,Alani Variety,Mapped,Alani Pink Slush,Alani Nu,
SKU0014,Alani - Blue slush,Alani Variety,Mapped,Alani blue slush,,
SKU0015,Alani - Pink,Alani Variety,Mapped,Alani pink,,
SKU0016,Amy’s Gluten-Free Burrito Cheddar Cheese,Amy’s Gluten-Free Burrito Cheddar Cheese,Mapped,Amy’s gluten-free burrito cheddar cheese,,
SKU0017,Andy Capp’s Hot Fries,Andy Capp’s Hot Fries,Mapped,Andy Capp’s Hot Fries,,
SKU0018,Arizona Fruit Punch,Arizona Variety,Mapped,Arizona fruit punch 20oz,,
SKU0019,Arizona Mango Madness,Arizona Variety,Mapped,Arizona mango 20oz,,
SKU0020,Arizona Sour Fruit Snack,Arizona Sour Fruit Snack,Mapped,Arizona sour fruit snacks Mixed Lemonade 5.oz,,
SKU0021,Arizona Watermelon,Arizona Variety,Mapped,Arizona watermelon 20oz,,
SKU0022,Bai - Strawberry Coconut,Bai Variety,Mapped,BAI. SHALA Coconut STRAWBERRY COCONUT  WATER,,
SKU0023,Bai - Coconut,Bai Variety,Mapped,,Bai Coconut,
SKU0024,Bai - Molokai Cocnut,Bai Variety,Mapped,Bai Molokai Cocnut,,
SKU0025,Baked Fritos Lays Variety,Baked Lay Variety,Mapped,,,Baked Fritos Lays Variety
SKU0026,Barebells - Cookies & Cream,Barebells Variety,Mapped,Barbell Cookies and Cream,,
SKU0027,Barebell - Caramel and Cashew,Barebells Variety,Mapped,Barebell Caramel and Cashew,,
SKU0028,Barebell - White Chocolate Almond,Barebells Variety,Mapped,Barebell white chocolate almond,,
SKU0029,Barebells,Barebells Variety,Mapped,,,Barebells
SKU0030,Barebells - Chocolate Dough,Barebells Variety,Mapped,Barebells Chocolate Dough,,
SKU0031,Barebells - Cookies & Caramel,Barebells Variety,Mapped,Barebells Cookies & Caramel,,
SKU0026,Barebells - Cookies & Cream,Barebells Variety,Mapped,Barebells Cookies & Cream Protein Bar,,
SKU0033,Barebells - Creamy Crisp,Barebells Variety,Mapped,Barebells Creamy Crisp Protein Bar,,
SKU0034,Barebells - Peanut Butter,Barebells Variety,Mapped,Barebells Protein Bar Peanut Butter,,
SKU0035,Barebells - Salty Peanut,Barebells Variety,Mapped,Barebells Salty Peanut,,
SKU0036,Beef & Queso Bowl,Beef & Queso Bowl,Mapped,Beef & Queso Bowl 9.5 oz,,
SKU0037,Ben and Jerry's -  Chunky Monkey,Ben and Jerry's -  Chunky Monkey,Mapped,Ben and Jerry Chunky Monkey,,
SKU0038,Ben and Jerry’s - New York Super Fudge Chunk,Ben and Jerry’s - New York Super Fudge Chunk,Mapped,Ben and Jerry’s New York super fudge chunk,,
SKU0039,Big Red 12oz,Big Red 12oz,Mapped,Big Red Can,Big Red,
SKU0040,Big Red Zero 12oz,Big Red Zero 12oz,Mapped,Big Red Zero Sugar 12 fl oz,Big Red Zero Sugar,Big Red Zero
SKU0044,Bloom Energy - Peach Mango,Bloom Variety,Mapped,Bloom Energy Peach Mango,Bloom,
SKU0045,Bloom Energy - Raspberry Lemon,Bloom Variety,Mapped,Bloom Energy Raspberry Lemon,,
SKU0046,Bloom Energy - Strawberry Watermelon,Bloom Variety,Mapped,Bloom Energy Strawberry Watermelon,,
SKU0048,Bloom Pop - Shirley Temple,Bloom Pop Variety,Mapped,Bloom Pop Prebiotic Soda Shirley Temple 12 oz,Bloom Pop - Shirley Temple,
SKU0049,Bloom Pop - Strawberry Cream,Bloom Pop Variety,Mapped,Bloom Probiotic Soda Strawberry Cream 12 oz,Bloom Pop - Strawberry Cream,
SKU0050,Bloom Pop - Raspberry Lemonade,Bloom Pop Variety,Mapped,Bloom Pop Prebiotic Soda Raspberry Lemonade 12 oz,Bloom Pop - Raspberry Lemonade,
SKU0053,Blue Bell - Cookie Two Step,Blue Bell - Cookie Two Step,Mapped,Blue Bell Cookie Two Step,,
SKU0054,Blue Bell - The Great Divide,Blue Bell - The Great Divide,Mapped,Blue Bell The great divide,,
SKU0055,Bodyarmor - Strawberry Banana 20oz,Bodyarmor Variety,Mapped,Bodyarmor strawberry banana 20oz,,
SKU0056,Bola Pizza Sausage & Pepperoni,Bola Pizza Sausage & Pepperoni,Mapped,Bola Pizza Sausage & Pepperoni 560g,,
SKU0057,Boom Chicka Pop Sweet & Salty,Boom Chicka Pop Sweet & Salty,Mapped,Boom Chicka Pop Sweet & Salty,,
SKU0058,Boom Chicka Pop White Cheddar,Boomchickapop White Cheddar Popcorn,Mapped,Boomchickapop White Cheddar Popcorn,,
SKU0059,Boulder Canyon Classic Sea Salt,Boulder Variety,Mapped,Boulder Canyon Classic Sea Salt,,
SKU0060,Built - Peanut Butter Cup,Built Variety,Mapped,Built - Peanut Butter Cup,,
SKU0061,Built Puff Brownie Batter 40g,Built Variety,Mapped,Built Puff Brownie Batter 40g,,
SKU0062,Built Puff S'mores Chunk,Built Variety,Mapped,Built Puff S'mores Chunk,,
SKU0063,C4,C4 Variety,Mapped,,C4,
SKU0064,C4 Watermelon Burst,C4 Variety,Mapped,C4 Watermelon Burst 12oz,,
SKU0065,C4 smart energy Peach Mango,C4 Variety,Mapped,C4 smart energy Peach Mango,,
SKU0066,Canada Dry Ginger Ale 12oz,Canada Dry Ginger Ale 12oz,Mapped,CANADA DRY GINGER ALE 355ml,Ginger Ale,Canada Dry Ginger Ale 12oz
SKU0067,Celcius - Mango Lemonade 12oz,Celsius Variety,Mapped,CELSIUS Sparkling MANGO LEMONADE 12 oz.,,
SKU0068,California Pizza Kitchen BBQ Chicken,California Pizza Kitchen BBQ Chicken,Mapped,California Pizza Kitchen BBQ Chicken 14.7 oz,,
SKU0070,Caulipower Uncured Pepperoni,Caulipower Uncured Pepperoni,Mapped,Caulipower Uncured Pepperoni 350g,,
SKU0071,Celcius - Watermelon 12oz,Celsius Variety,Mapped,Celcius Sparkling Watermelon 12oz,,
SKU0072,Celsius,Celsius Variety,Mapped,Celsius,Celsius Original,
SKU0073,Celsius - Tropical Vibe,Celsius Variety,Mapped,Celsius Energy Drink - Tropical Vibe,,
SKU0075,Celsius - Peach Vibe,Celsius Variety,Mapped,Celsius Peach Vibe,,
SKU0076,Celsius - Retro Vibe,Celsius Variety,Mapped,Celsius Retro Vibe,,
SKU0077,Celsius - Orange,Celsius Variety,Mapped,Celsius Sparkling Orange 12oz,,
SKU0078,Celsius - Watermelon,Celsius Variety,Mapped,Celsius Sparkling Watermelon,,
SKU0079,Celsius - Tropical Vibe,Celsius Variety,Mapped,Celsius tropical vibe 12oz,,
SKU0080,Cheez it Extra Toasty 3oz,Cheez it Extra Toasty 3oz,Mapped,Cheez it Extra Toasty 3oz,,
SKU0081,Cheez it Snack Mix,Cheez-it Variety,Mapped,Cheez it Snack Mix,,Cheez-Its
SKU0082,Cheez-It Snap’d (Double Cheese) 1oz,Cheez-it Variety,Mapped,Cheez-It Snap’d (Double Cheese) 1oz,,
SKU0084,Cheezit - White Cheddar & Snap'd,Cheez-it Variety,Mapped,,,Cheezit - White Cheddar & Snap'd
SKU0085,Chester's Flammin' Hot Fries,Fritos Lay Variety,Mapped,Chester's Flammin' Hot Fries,,
SKU0086,Chester's Fries Ranch,Chester's Fries Ranch,Mapped,Chester's Fries Ranch,,
SKU0087,Chester's Puffcorn Cheese Flavored (60.2g),Chester's Puffcorn Cheese Flavored (60.2g),Mapped,Chester's Puffcorn Cheese Flavored (60.2g),,
SKU0088,Chester’s Fries Chili Cheese,Fritos Lay Variety,Mapped,Chester’s Fries Chili Cheese,,
SKU0089,Chester’s Poppers Jalapeño Cheese Whirlz,Chester’s Poppers Jalapeño Cheese Whirlz,Mapped,Chester’s Poppers Jalapeño Cheese Whirlz,,
SKU0090,Chile Limon Variety,Fritos Lay Variety,Mapped,,,Chile Limon Variety
SKU0091,Chips Ahoy King Size,Chips Ahoy King Size,Mapped,Chips Ahoy king size,,
SKU0092,Chomps Beef Stick,Chomps Beef Stick,Mapped,Chomps Beef Stick 1.15oz,,
SKU0093,Chomps Jalapeño Beef Stick,Chomps Jalapeño Beef Stick,Mapped,Chomps Jalapeño Beef Stick,,
SKU0094,CleanEatz Kitchen Bowlz Cowboy Shepherds Pie 10 oz,CleanEatz Variety,Mapped,CleanEatz Kitchen Bowlz Cowboy Shepherds Pie 10 oz,,
SKU0095,CleanEatz Kitchen Bowlz Sweet-N-Sour Chicken 10 oz,CleanEatz Variety,Mapped,CleanEatz Kitchen Bowlz Sweet-N-Sour Chicken 10 oz,,
SKU0096,Coca Cola 12oz,Coca Cola 12oz,Mapped,,Coca Cola,
SKU0097,Coca Cola 16.9oz,Coca Cola 16.9oz,Mapped,Coca cola 16.9oz,,Coca Cola 16.9oz
SKU0100,Coke Zero 16.9oz,Coke Zero 16.9oz,Mapped,Coke Zero Sugar,Coca Cola Zero Sugar,Coke Zero 16.9oz
SKU0102,Blue Bell - Cookies & Cream,Blue Bell - Cookies & Cream,Mapped,Cookies n Cream Blue Bell,,
SKU0103,Core Hydration 20oz,Core Hydration 20oz,Mapped,,Core Hydration,
SKU0104,Trader Joe's Cuban Style Citrus GarlicBowl,Trader Joe's Cuban Style Citrus GarlicBowl,Mapped,Cuban Style Citrus GarlicBowl 11 oz,,
SKU0105,Cwench - Rainbow Swirl,Cwench Variety,Mapped,Cwench Rainbow Swirl,,
SKU0106,Cwench - Berry Crush,Cwench Variety,Mapped,Cwench Sports Hydration Berry Crush,,
SKU0107,Deja Blue 20oz,Deja Blue 20oz,Mapped,,Deja Blue,
SKU0109,Diet Coke 16.9oz,Diet Coke 16.9oz,Mapped,Diet Coke 16.9oz,Diet Coke,Diet Coke 16.9oz
SKU0110,Doritos Dinamita (Chile Limon)49.6g,Fritos Lay Variety,Mapped,Doritos Dinamita (Chile Limon)49.6g,,
SKU0111,Doritos Nacho Cheese 1.75 oz,Fritos Lay Variety,Mapped,Doritos Nacho Cheese 1.75 oz,,
SKU0112,Doritos Ranch 49.6g,Fritos Lay Variety,Mapped,Doritos Ranch 49.6g,,
SKU0113,Dr Pepper 16.9oz,Dr Pepper 16.9oz,Mapped,Dr Pepper 16.9oz,,Dr. Pepper 16.9oz
SKU0114,Dr. Pepper 12oz,Dr. Pepper 12oz,Mapped,,Dr. Pepper,
SKU0116,Honey Buns,Honey Buns,Mapped,Duchess Honey Buns,Honey Buns,
SKU0117,Factor Charcuterie Pack 3oz,Factor Charcuterie Pack 3oz,Mapped,Factor Charcuterie Pack 3oz,,
SKU0118,Factor - Cold Brew Latte 12oz,Factor Protein Shake ,Mapped,Factor Cold Brew Latte Protein Shake 12oz,,
SKU0119,Factor Bar - Chocolate,Factor Protein Bar - Chocolate,Mapped,Factor Protein Bar,,
SKU0120,Factor - Chocolate Banana 12oz,Factor Protein Shake ,Mapped,Factor Protein Shake Chocolate Banana 12oz,,
SKU0121,Fairlife ,Fairlife ,Mapped,Fairlife Chocolate 30g 340ml,Fairlife Protein,
SKU0123,Famous Amos,Famous Amos,Mapped,Famous Amos 56g,Famous Amos,Famous Amos
SKU0125,Flamin Hot Cheetos Limon,Fritos Lay Variety,Mapped,Flamin Hot Cheetos Limon,,
SKU0126,Flaming doritos,Fritos Lay Variety,Mapped,Flaming doritos,,
SKU0127,Flock,Flock,Mapped,Flock Chicken Skinceisps Hot Nashville Seasoned 1oz,Flock,
SKU0129,Frito Lay Mix,Fritos Lay Variety,Mapped,,Frito Lay Mix,
SKU0130,Powerade - Fruit Punch,Powerade Variety,Mapped,Fruit Punch Powerade 28 FL OZ,,
SKU0131,Garden Veggie Straws,Veggie Straws Variety,Mapped,Garden Veggie Straws,Veggie Straws,
SKU0132,Gatorade Frost - Glacier Freeze,Gatorade Frost - Glacier Freeze,Mapped,Gatorade Frost Glacier Freeze 20oz,Gatorade Blue,
SKU0133,Gatorade Frost - Glacier Cherry,Gatorade Frost - Glacier Cherry,Mapped,Gatorade Frost Glacier Cherry,Gatorade White,
SKU0136,Gatorade Frost - Riptide Rush 20oz,Gatorade Frost - Riptide Rush 20oz,Mapped,Gatorade Riptide Rush 20oz,Gatorade Purple,
SKU0138,Gatorade - Fruit Punch,Gatorade - Fruit Punch,Mapped,Gatorade fruit punch,,
SKU0139,Ghost Energy - Original 16oz,Ghost Energy Variety,Mapped,,Ghost Energy Original 16oz,
SKU0140,Ghost Energy - Strawbango 16oz,Ghost Energy Variety,Mapped,,Ghost Energy Strawbango 16oz,
SKU0141,Ghost Hydration Kiwi Strawberry,Ghost Hydration Variety,Mapped,,Ghost Hydration Kiwi Strawberry,
SKU0143,Gold Peak Sweet Tea,Gold Peak Sweet Tea,Mapped,Gold Peak Tea,Gold Peak Sweet Tea,
SKU0145,Gold Peak Unsweetened Tea,Gold Peak Unsweetened Tea,Mapped,Gold Peak Unsweetened Tea,,
SKU0146,Haagen-Dazs Bars,Haagen-Dazs Bars,Mapped,Haagen Dazs bars,,
SKU0147,Haagen-Dazs New York Strawberry Cheesecake,Haagen-Dazs New York Strawberry Cheesecake,Mapped,Haagen-Dazs New York Strawberry Cheesecake 14 fl oz,,
SKU0148,Halo Top - Chocolate Caramel Brownie,Halo Top - Chocolate Caramel Brownie,Mapped,Halo Top Chocolate Caramel Brownie,,
SKU0149,Halo Top - Sea Salt Caramel,Halo Top - Sea Salt Caramel,Mapped,Halo Top Sea Salt Caramel,,
SKU0150,Haribo Sour Gummies,Haribo Sour Gummies,Mapped,Haribo Sour gummies,,
SKU0151,Harvest Snaps Tomato Basil 1.75 oz,Harvest Snaps Tomato Basil 1.75 oz,Mapped,Harvest Snaps Tomato Basil 1.75 oz,,
SKU0153,Hershey's Cookies 'n Creme,Hershey's Cookies 'n Creme,Mapped,Hershey’s (Cookies N Creme) 1oz,Hershey's Cookies 'n Creme,Hersey's Cookies & Creme
SKU0155,Hillshire - Genoa Salame,Hillshire - Genoa Salame,Mapped,Hillshire Snacking Genoa Salame,,
SKU0157,Factor Bar - Honey Nut Crunch,Factor Bar - Honey Nut Crunch,Mapped,Honey Nut Crunch,,
SKU0158,Hostess Danish,Hostess Danish,Mapped,Hostess Danish,,
SKU0159,Hot Pocket Pepperoni Pizza 4.5,Hot Pocket Pepperoni Pizza 4.5,Mapped,Hot Pockey Pepperoni Pizza 4.5,,
SKU0160,Hot cheetos,Fritos Lay Variety,Mapped,Hot cheetos,,
SKU0161,Hot Pocket Pepperoni Pizza 4.5,Hot Pocket Pepperoni Pizza 4.5,Mapped,Hot pocket pepporoni pizza,,
SKU0162,Haagen-Dazs Dulce De Leche,Haagen-Dazs Dulce De Leche,Mapped,Häagen-Dazs dulce de leche 14 fl oz,,
SKU0163,Jocko Molk Protein Shake,Jocko Molk Protein Shake,Mapped,JOCKO MOLK Protein Shake,,
SKU0164,Jack Link's Cold Crafted Linkeich Salami & Colby Jack 1.5 oz,Jack Link's Cold Crafted Linkeich Salami & Colby Jack 1.5 oz,Mapped,Jack Link's Cold Crafted Linkeich Salami & Colby Jack 1.5 oz,,
SKU0165,Kars Trail Mix,Kars Trail Mix,Mapped,Kars Trail Mix,,Kars Snack Pack
SKU0167,Keebler Fudge Stripes Mini,Keebler Fudge Stripes Mini,Mapped,Keebler Fudge Stripes Minis 2oz,Keebler Fudge Stripes Mini,Keebler
SKU0170,Kevin's Korean BBQ Style Chicken 9.5 oz,Kevin's Korean BBQ Style Chicken 9.5 oz,Mapped,Kevin's Korean BBQ Style Chicken 9.5 oz,,
SKU0172,Kind Bar - Caramel Almond & Sea Salt,Kind Bar Variety,Mapped,Kind Bar Caramel Almond & Sea Salt,,Kind Bar
SKU0173,Kind Bar -  Dark Chocolate Nuts & Sea Salt,Kind Bar Variety,Mapped,Kind Dark Chocolate Nuts & Sea Salt,,
SKU0174,KitKat,KitKat,Mapped,KitKat - 1.5oz,,
SKU0175,La Colombe - Caramel,La Colombe - Caramel,Mapped,La Colombe Draft Late Caramel 11oz,La Colombe Caramel,
SKU0176,La Colombe - Cold Brew Black,La Colombe - Cold Brew Black,Mapped,La Colombe Cold Brew Black,,
SKU0177,La Colombe - Mocha,La Colombe - Mocha,Mapped,La Colombe Cold Brew Draft Latte - Mocha,,
SKU0178,La Colombe - Vanilla,La Colombe - Vanilla,Mapped,La Colombe Cold Brew Draft Latte - Vanilla,,
SKU0180,La Colombe - Vanilla,La Colombe - Vanilla,Mapped,La Colombe Draft Latte Vanilla Cold Brew With Oatmilk,,La Colombe Vanilla
SKU0181,La Colombe - Triple ,La Colombe - Triple ,Mapped,La Colombe Triple Draft Latte 11oz,,
SKU0184,Lance's Cracker,Lance's Cracker,Mapped,Lance Toast Chee 1.52oz,Lance's Cracker,
SKU0185,Lara Bar - Blueberry Muffin,Lara Variety,Mapped,Lara Bar Blueberry Muffin 1.6oz,,
SKU0186,Lay's STAX Sour Cream & Onion,Lay's STAX Sour Cream & Onion,Mapped,Lay's STAX Sour Cream & Onion,,
SKU0187,Lays (Chile Limon),Fritos Lay Variety,Mapped,Lays (Chile Limon),,
SKU0188,Lays Baked Chips Original,Baked Lay Variety,Mapped,Lays Baked Chips Original,,
SKU0190,Legendary Pastry - Blueberry,Legendary Variety,Mapped,Legendary Foods Protein Pastry Blueberry 2.2oz,Legendary,Legendary
SKU0191,Legendary Pastry - Brown Sugar Cinnamon,Legendary Variety,Mapped,Legendary Foods Protein Pastry Brown Sugar Cinnamon 2.2oz,,
SKU0192,Legendary Pastry - Chocolate Cake,Legendary Variety,Mapped,Legendary Foods Protein Pastry Chocolate Cake 2.2oz,,
SKU0193,Legendary Pastry - Strawberry,Legendary Variety,Mapped,Legendary Foods Protein Pastry Strawberry 2.2oz,,
SKU0194,Legendary Pastry - Hot Fudge Sundae,Legendary Variety,Mapped,Legendary Foods Protein Pastry hot fudge sundae,,
SKU0195,Legendary Pastry - Campfire S'Mores,Legendary Variety,Mapped,Legendary Protein Pastry Campfire S'Mores 2.2oz,,
SKU0196,Legendary Pastry - Cherry Crumble,Legendary Variety,Mapped,Legendary protein pastry cherry crumble,,
SKU0197,Lenny & Larry’s - Peanut Butter Chocolate Chip,Lenny & Larry's Variety,Mapped,Lenny & Larry’s The Complete Cookie Peanut Butter Chocolate Chip,,
SKU0198,Lenny & Larry’s - Chocolate Chip,Lenny & Larry's Variety,Mapped,Lenny&Larry’s Chocolatechip,,
SKU0199,Liquid IV Lemon Lime .56oz,Liquid IV,Mapped,Liquid IV Lemon Lime .56oz,,
SKU0200,Liquid IV Passiom Fruit .56oz,Liquid IV,Mapped,Liquid IV Passiom Fruit .56oz,,
SKU0201,Lorna Doodle,Lorna Doodle,Mapped,Lorna Doodle,,
SKU0202,Lunchable Ham/Cheddar 1.9oz,Lunchable Variety,Mapped,Lunchable Ham/Cheddar 1.9oz,,
SKU0203,Lunchables Turkey and Cheddar 1.9 0z,Lunchable Variety,Mapped,Lunchables Turkey and Cheddar 1.9 0z,,
SKU0204,Lara Bar -  Peanut Butter Chocolate Chip,Lara Variety,Mapped,Lärabar Peanut Butter Chocolate Chip,,
SKU0205,M&M Peanuts,M&M Peanuts,Mapped,m&m Peanut,M&Ms Peanut,M&M Peanuts
SKU0207,M&M’s Peanut Butter Ice Cream Sandwich,M&M’s Peanut Butter Ice Cream Sandwich,Mapped,M&M’s Peanut Butter Ice Cream Sandwich,,
SKU0208,Marie Callenders - Chicken Pot Pie,Marie Callenders - Chicken Pot Pie,Mapped,Marie callenders,,
SKU0209,Michael Angelo's - Chicken Parmigiana,Michael Angelo's - Chicken Parmigiana,Mapped,Michael Angelo's Chicken Parmigiana 10oz,,
SKU0211,Miss Vickie's - Smokehouse BBQ,Miss Vickies Variety,Mapped,Miss Vickie's smokehousebbq,Miss Vickie's Potato Chips,
SKU0212,Miss Vickie’s - Sea Salt & Vinegar,Miss Vickies Variety,Mapped,Miss Vickie’s (Sea Salt & Vinegar) 38.9g,,
SKU0213,Miss Vickie’s - Jalapeño,Miss Vickies Variety,Mapped,Miss Vickie’s Jalapeño 1.375 oz,,
SKU0214,Miss Vickie’s - Sea Salt,Miss Vickies Variety,Mapped,Miss Vickie’s Sea Salt 1.375 oz,,
SKU0215,Miss Vickie’s - Spicy Dill Pickle,Miss Vickies Variety,Mapped,Miss Vickie’s Spicy Dill Pickle,,
SKU0216,Monster Ultra 16oz,Monster Ultra 16oz,Mapped,Monster Ultra,Monster White,
SKU0218,Monster Original 16oz,Monster Original 16oz,Mapped,Monster green 16oz,,
SKU0219,Moon Pie - Chocolate Double Decker,Moon Pie - Chocolate Double Decker,Mapped,Moon Pie Chocolate Double Decker 2.75 oz,,
SKU0220,Mountain Dew 12oz,Mountain Dew 12oz,Mapped,,Mountain Dew,
SKU0221,Munchies,Munchies,Mapped,Munchies 49.6g,Munchies,Munchies
SKU0224,Nature Valley Protein Bar,Nature Valley Protein Bar,Mapped,,,Nature Valley Protein Bar
SKU0225,Nature's Bakery Fig Bar - Raspberry,Nature's Bakery Variety,Mapped,Nature's Bakery Fig Bar - Raspberry,,
SKU0226,Nature's Bakery Fig Bar - Blueberry,Nature's Bakery Variety,Mapped,Nature’s Bakery FIG BAR Blueberry 2 OZ,,
SKU0227,Nutri Grain,Nutri Grain Variety,Mapped,,Nutri Grain,
SKU0228,Nutri Grain Blueberry,Nutri Grain Variety,Mapped,Nutri Grain Blueberry,,
SKU0229,Nutter Butter,Nutter Butter,Mapped,NUTTER BUTTER56g,Nutter Butter,Nutter Butter
SKU0230,Oreo Cookies,Oreo Cookies,Mapped,OREO COOKIES 68g,,
SKU0231,Oreo Cakesters,Oreo Cakesters,Mapped,Oreo Cackster 3.03 oz,,
SKU0231,Oreo Cakesters,Oreo Cakesters,Mapped,Oreo Cakesters,,
SKU0233,Oreo Ice Cream,Oreo Ice Cream,Mapped,Oreo Icecream,,
SKU0234,Trade Joe's Cacio E Pepe Puffs,Trade Joe's Cacio E Pepe Puffs,Mapped,Organic Cacio E Pepe Puffs 4.9 oz,,
SKU0235,P3 Portable Protein Pack - Turkey Colby Jack Almonds,P3 Portable Protein Pack - Turkey Colby Jack Almonds,Mapped,P3 Portable Protein Pack Turkey Colby Jack Almonds,,
SKU0236,Perfect Bar -  Peanut Butter,Perfect Bar Variety,Mapped,PERFECT BAR Peanut Butter,,
SKU0237,Pop Corners -  Sea Salt,Pop Corners Variety,Mapped,POPCORNERS Sea Salt,,
SKU0238,Paleo Valley Beef Stick Garlic Summer Sausage,Paleo Valley Beef Stick Garlic Summer Sausage,Mapped,Paleo Valley Beef Stick Garlic Summer Sausage,,
SKU0239,Paleo Valley Beef Stick Jalapeno 1oz,Paleo Valley Beef Stick Jalapeno 1oz,Mapped,Paleo Valley Beef Stick Jalapeno 1oz,,
SKU0240,Perfect Bar - Dark Chocolate Chip,Perfect Bar Variety,Mapped,"Perfect Bar
Dark chocolate chip peanut butter",,
SKU0241,Pirates Booty,Pirates Booty,Mapped,,Pirates Booty,
SKU0242,Wonderful Pistachio - Chili Roasted,Wonderful Pistachio Variety,Mapped,Pistachio - Chili Roasted,,
SKU0243,PopChips - Variety,Popchip Variety,Mapped,Pop Chips (Variety) 0.8oz,,
SKU0244,PopTarts,Poptart Variety,Mapped,PopTarts,Pop Tart Blueberry,Poptarts Variety
SKU0245,Pop Corners - White Cheddar,Pop Corners Variety,Mapped,Pop corners - White Cheddar,,
SKU0246,PopChips Sour cream & Onion 2.25 oz,Popchip Variety,Mapped,PopChips Sour cream & Onion 2.25 oz,,
SKU0248,Popchips BBQ 0.8oz,Popchip Variety,Mapped,Popchips BBQ 0.8oz,,Popchips Variety
SKU0250,Pop Corners- Spicy Queso,Pop Corners Variety,Mapped,"Popcorners, Spicy Queso",,
SKU0252,TGIF Potato Skins,TGIF Potato Skins,Mapped,Potato skins,,
SKU0253,Power Crunch Triple Chocolate,Power Crunch Triple Chocolate,Mapped,Power Crunch Triple Chocolate 1.4 oz,,
SKU0254,Powerade - Blue,Powerade Variety,Mapped,Powerade (Blue),,
SKU0256,Powerade Zero - Fruit Punch,Powerade Zero Variety,Mapped,Powerade Zero Fruit Punch 591ml,Powerade Zero,
SKU0257,Powerade Zero - Mixed Berry,Powerade Zero Variety,Mapped,Powerade Zero Mixed Berry 591ml,,
SKU0258,Powerade Zero - Grape,Powerade Zero Variety,Mapped,Powerade zero grape,,
SKU0259,Pretzel Crisps - Buffalo Wing,Pretzel Crisps - Buffalo Wing,Mapped,Pretzel crisps buffalo wing,,
SKU0260,Protein Pints - Chocolate 1 Pint,Protein Pints - Chocolate 1 Pint,Mapped,Protein Pints Chocolate 1 Pint,,
SKU0261,Protein Pints - Peanut Better Cup 1 Pint,Protein Pints - Peanut Better Cup 1 Pint,Mapped,Protein Pints Peanut Better Cup 1 Pint,,
SKU0262,RX Bar - Chocolate Sea Salt,RX Bar Variety,Mapped,RX Bar Chocolate Sea salt 1.8oz,,
SKU0263,Rao's Meat Lasagna 9oz,Rao's Meat Lasagna 9oz,Mapped,Rao's Meat Lasagna 9oz,,
SKU0264,Red Bull 12oz,Red Bull 12oz,Mapped,Red Bull Energy Drink Original,,Red Bull 12oz
SKU0265,Red Bull 12oz Sugar Free,Red Bull 12oz Sugar Free,Mapped,Red Bull Sugar Free 12 oz,Red Bull 12oz Sugar Free,
SKU0267,Red Bull 12oz Pink,Red Bull 12oz Pink,Mapped,Red Bull Pink Edition Wild Berries,,
SKU0269,Red Bull 12oz Orange,Red Bull 12oz Orange,Mapped,Red Bull Sugar Free Strawberry Apricot 355ml,,
SKU0270,Red's Chicken Cilantro & Lime burrito,Red's Chicken Cilantro & Lime burrito,Mapped,Red's Chicken Cilantro & Lime burrito,,
SKU0271,Red's Steak & Cheddar Burrito 5oz,Red's Steak & Cheddar Burrito 5oz,Mapped,Red's Steak & Cheddar Burrito 5oz,,
SKU0272,Reese's Fast Break,Reese's Fast Break,Mapped,Reese's Fast break,,
SKU0273,Reese's Peanut Butter Cups,Reese's Peanut Butter Cups,Mapped,Reese’s,Reese's Peanut Butter Cups,Reese's Peanutbutter Cup
SKU0276,Rice KrispiesTreat Salted Caramel Mega Size 2.1oz,Rice KrispiesTreat Salted Caramel Mega Size 2.1oz,Mapped,Rice KrispiesTreat Salted Caramel Mega Size 2.1oz,,
SKU0277,Rice Krispy Treats,Rice Krispy Treats,Mapped,,,Rice Krispy Treats
SKU0278,Ritz Bits,Ritz Bits,Mapped,Ritz Bits Cheese,,Ritz Bits
SKU0280,Ritz Toasted Chips Sour Cream & Onion 2.5 oz,Ritz Toasted Chips Sour Cream & Onion 2.5 oz,Mapped,Ritz Toasted Chips Sour Cream & Onion 2.5 oz,,
SKU0281,Rolled Corn Tortilla Chip Chili & Lime 9oz,Rolled Corn Tortilla Chip Chili & Lime 9oz,Mapped,Rolled Corn Tortilla Chip Chili & Lime 9oz,,
SKU0282,Ruffles Baked Chips Cheddar & Sour Cream,Fritos Lay Variety,Mapped,Ruffles Baked Chips Cheddar & Sour Cream,,
SKU0283,RX Bar - Peanut Butter Chocolate,RX Bar Variety,Mapped,Rx Bar peanut butter chocolate,,
SKU0284,Skittles Sour,Skittles Sour,Mapped,SKITTLES sour 1.8oz,,
SKU0285,Sahale - Fruit and Nut,Sahale - Fruit and Nut,Mapped,Sahale Fruit and Nut,,
SKU0286,San Pellegrino,San Pellegrino,Mapped,San Pellegrino,,
SKU0287,Screamin' Sicilian Detroit Style 750g,Screamin' Sicilian Detroit Style 750g,Mapped,Screamin' Sicilian Detroit Style 750g,,
SKU0288,Screamin' Sicilian Holy Pepperoni Single 260g,Screamin' Sicilian Holy Pepperoni Single 260g,Mapped,Screamin' Sicilian Holy Pepperoni Single 260g,,
SKU0289,Screamin' Sicilian Supremus Maximus Single 10oz,Screamin' Sicilian Supremus Maximus Single 10oz,Mapped,Screamin' Sicilian Supremus Maximus Single 10oz,,
SKU0290,Skippy PB Bar Milk Chocolate 1.5 oz,Skippy PB Bar Milk Chocolate 1.5 oz,Mapped,Skippy PB Bar Milk Chocolate 1.5 oz,,
SKU0291,Skittles,Skittles,Mapped,skittles 2.17oz,Skittles,
SKU0292,Skittles Tropical,Skittles Tropical,Mapped,,Skittles Purple,Skittles Purple
SKU0292,Skittles Tropical,Skittles Tropical,Mapped,Skittles wild berry,,Skittles Tropical
SKU0295,Smart Water 23.7oz,Smart Water 23.7oz,Mapped,smart Water strawberry blackberry 23.7oz,Smart Water 23.7oz,
SKU0296,Smucker’s Uncrustables Peanut Butter & Grape Jelly,Smucker’s Uncrustables Peanut Butter & Grape Jelly,Mapped,Smucker’s Uncrustables Peanut Butter & Grape Jelly,,
SKU0297,Snapple - Peach Tea,Snapple - Peach Tea,Mapped,Snapple - Peach Tea,Snapple Peach Tea,
SKU0298,Snapple - Kiwi Strawberry,Snapple - Kiwi Strawberry,Mapped,Snapple Kiwi Strawberry20oz,Snapple Kiwi Strawberry,
SKU0300,Snapple - Mango Madness,Snapple - Mango Madness,Mapped,Snapple mango madness 20oz,Snapple Mango Madness,
SKU0302,Snapple - Watermelon Lemonade,Snapple - Watermelon Lemonade,Mapped,,Snapple Watermelon Lemonade,
SKU0304,Snickers Ice Cream Bar 2oz,Snickers Ice Cream Bar 2oz,Mapped,Snickers Ice Cream Bar 2oz,,
SKU0305,Trader Joe's - Sour Cream & Onion Rings,Trader Joe's - Sour Cream & Onion Rings,Mapped,Sour Cream & Onion Rings Lentil & Rice Snacks 2.5 oz,,
SKU0307,Sour Patch Kids 2oz,Sour Patch Kids 2oz,Mapped,Sour Patch Kids 2oz,,
SKU0308,Sour Patch Kids Glow Up,Sour Patch Kids Glow Up,Mapped,,Sour Patch Kids Glow Up,
SKU0309,Sour Punch Bites,Sour Punch Bites,Mapped,,Sour Punch Bites,
SKU0310,Sour Patch Kids 3.6 oz,Sour Patch Kids 3.6 oz,Mapped,Sour patch kids 3.6 oz bag,,Sour Patch Box
SKU0311,Sprite 12oz,Sprite 12oz,Mapped,Sprite Can,Sprite,
SKU0312,Sprite 16.9 oz,Sprite 16.9 oz,Mapped,Sprite 16.9 oz,,
SKU0314,Squirt 12 oz,Squirt 12 oz,Mapped,Squirt 12 fl oz,,
SKU0315,St. Cecilia Soda Company - Daytripper 12oz,St. Cecilia Variety,Mapped,St. Cecilia Soda Company - Daytripper 12oz,,
SKU0316,St. Cecilia Soda Company - Sunsipper 12oz,St. Cecilia Variety,Mapped,St. Cecilia Soda Company - Sunsipper 12oz,,
SKU0317,Stardust Lunch-To-Go Tuna,Stardust Lunch-To-Go Tuna,Mapped,Stardust Lunch-To-Go Tuna,,
SKU0318,Steel Omni Energy - Corsa,Steel Omni Energy - Corsa,Mapped,Steel  Omni energy corsa,,
SKU0319,Stoke Provisions Hatch Green Chile 1oz,Stoke Provisions Hatch Green Chile 1oz,Mapped,Stoke Provisions Hatch Green Chile 1oz,,
SKU0320,Stoke Provisions Original 1oz,Stoke Provisions Original 1oz,Mapped,Stoke Provisions Original 1oz,,
SKU0321,Sun Chips,Sun Chips Variety,Mapped,Sun Chips,,Sunchip Variety
SKU0322,Sun Chips - French Onion,Sun Chips Variety,Mapped,Sun Chips (French Onion),,
SKU0323,Sun Chips - Garden Salsa,Sun Chips Variety,Mapped,Sun Chips (Garden Salsa),,
SKU0324,Sun Chips - Original,Sun Chips Variety,Mapped,Sun Chips (Original) 1oz,,
SKU0327,Sunkist Orange 12oz,Sunkist Orange 12oz,Mapped,,Sunkist,Sunkist 12oz
SKU0329,Sunkist Grape 12oz,Sunkist Grape 12oz,Mapped,Sunkist Grape 12oz,Sunkist Grape,Sunkist Grape 12oz
SKU0330,Swedish Fish Tails,Swedish Fish Tails,Mapped,,Swedish Fish Tails,
SKU0331,TGI Fridays Potato Skins Jalapeño Cheddar,TGI Fridays Potato Skins Jalapeño Cheddar,Mapped,TGI Fridays Potato Skins Jalapeño Cheddar,,
SKU0332,Talenti Gelato Caramel Cookie Crunch,Talenti Gelato Caramel Cookie Crunch,Mapped,Talenti Gelato Caramel Cookie Crunch,,
SKU0333,Talenti Gelato Double Dark Chocolate 16 oz,Talenti Gelato Double Dark Chocolate 16 oz,Mapped,Talenti Gelato Double Dark Chocolate 16 oz,,
SKU0334,Thelma's Ice Cream Sandwich Chocolate Chip 6oz,Thelma's Ice Cream Sandwich Chocolate Chip 6oz,Mapped,Thelma's Ice Cream Sandwich Chocolate Chip 6oz,,
SKU0335,Thelma's Ice Cream Sandwich S'mores 6oz,Thelma's Ice Cream Sandwich S'mores 6oz,Mapped,Thelma's Ice Cream Sandwich S'mores 6oz,,
SKU0336,Thelma's Ice Cream Sandwich Monster 6fl oz,Thelma's Ice Cream Sandwich Monster 6fl oz,Mapped,Thelma's Monster Ice Cream Sandwich 6fl oz,,
SKU0337,Thelma's Ice Cream Sandwich Snickerdoodle 6fl oz,Thelma's Ice Cream Sandwich Snickerdoodle 6fl oz,Mapped,Thelma's Snickerdoodle Icecrram 6fl oz,,
SKU0338,Thelma's Ice Cream Sandwich Strawberry 6 oz,Thelma's Ice Cream Sandwich Strawberry 6 oz,Mapped,Thelma's Strawberry Sugar 6 oz,,
SKU0339,Trade Joe's Peanut Butter Pretzels 16oz,Trade Joe's Peanut Butter Pretzels 16oz,Mapped,Trade Joe's Peanut Butter Pretzels 16oz,,
SKU0340,Trader Joe's Chicken Shawarma Bowl 11.3oz,Trader Joe's Chicken Shawarma Bowl 11.3oz,Mapped,Trader Joe's Chicken Shawarma Bowl 11.3oz,,
SKU0341,Trader Joe's Chile Lime Pork Rinds,Trader Joe's Chile Lime Pork Rinds,Mapped,Trader Joe's Chile Lime Pork Rinds,,
SKU0342,Trader Joe's Green Chile Chicken Bowl 9.5oz,Trader Joe's Green Chile Chicken Bowl 9.5oz,Mapped,Trader Joe's Green Chile Chicken Bowl 9.5oz,,
SKU0343,Trader Joe's Trail Mix Cracker 4.5oz,Trader Joe's Trail Mix Cracker 4.5oz,Mapped,Trader Joe's Trail Mix Cracker 4.5oz,,
SKU0344,Trader Joe’s Chiicken Burrito Bowl,Trader Joe’s Chiicken Burrito Bowl,Mapped,Trader Joe’s Chiicken Burrito Bowl,,
SKU0345,Trader Joe’s Teriyaki Chicken Bowl,Trader Joe’s Teriyaki Chicken Bowl,Mapped,Trader Joe’s Teriyaki Chicken Bowl,,
SKU0346,Trolli,Trolli,Mapped,Trolli5oz,Trolli,
SKU0348,Turbos Flamas,Fritos Lay Variety,Mapped,Turbos Flamas,,
SKU0349,Twix,Twix,Mapped,Twix 1.79oz,,Twix
SKU0351,Twix Ice Cream Bar,Twix Ice Cream Bar,Mapped,Twix Ice Cream Bar,,
SKU0352,Uncrustable Peanut Butter & Strawberry Jam Sandwich,Uncrustable Peanut Butter & Strawberry Jam Sandwich,Mapped,Uncrustable Peanut Butter & Strawberry Jam Sandwich,,
SKU0353,Unknown,Unknown,Mapped,,Unknown,
SKU0354,Unwell Strawberry,Unwell Strawberry,Mapped,Unwell Strawberry Rapid Hydration + Focus,,
SKU0356,Uptime - Blood Orange,Uptime Variety,Mapped,Uptime Blood Orange 355 ml,Uptime,
SKU0357,Uptime - Blueberry Pomegranate,Uptime Variety,Mapped,Uptime blueberry pomegranate,,
SKU0358,Uptime - Mango Pineapple,Uptime Variety,Mapped,Uptime mango pineapple,,
SKU0359,Uptime - Strawberry Dragonfruit,Uptime Variety,Mapped,Uptime strawberry dragon fruit,,
SKU0360,VITAL Pursuit  Southwest Style Beef Taco Bowl  9.5 oz,VITAL Pursuit  Southwest Style Beef Taco Bowl  9.5 oz,Mapped,VITAL Pursuit  Southwest Style Beef Taco Bowl  9.5 oz,,
SKU0361,Van Leeuwen Malted Cookie Dough Shake 14 fl oz,Van Leeuwen Malted Cookie Dough Shake 14 fl oz,Mapped,Van Leeuwen Malted Cookie Dough Shake 14 fl oz,,
SKU0362,Van Leeuwen Sicilian Pistachio. 1 pint,Van Leeuwen Sicilian Pistachio. 1 pint,Mapped,Van Leeuwen Sicilian Pistachio. 1 pint,,
SKU0363,M&M’s Ice Cream Cookie Sandwich - Vanilla,M&M’s Ice Cream Cookie Sandwich - Vanilla,Mapped,Vanilla M&M’s cookie sandwich,,
SKU0365,Venom Energy Original,Venom Energy Original,Mapped,,Venom Energy Original,
SKU0368,Welch's Fruit Snacks Berries N Cherries,Welch's Variety,Mapped,Welch's Fruit Snacks Berries N Cherries,,
SKU0369,Welch's Fruit Snacks Mixed Fruit,Welch's Variety,Mapped,Welch's Fruit Snacks Mixed Fruit,Welch's,Welch
SKU0371,Wilde Protein Chips,Wilde Variety,Mapped,Wilde Protein Chips,,Wilde Chips
SKU0372,Wilde Protein Chips Buffalo,Wilde Variety,Mapped,Wilde Protein Chips Buffalo,,
SKU0373,Wilde Protein Chips Nashville Hot,Wilde Variety,Mapped,Wilde Protein Chips Nashville Hot,,
SKU0374,Wilde Protein Chips SeaSalt & Vinegar,Wilde Variety,Mapped,Wilde Protein Chips SeaSalt & Vinegar,,
SKU0375,Wilde Protein Chips Chicken and Waffles,Wilde Variety,Mapped,Wilde Protein Chips chicken and Waffles,,
SKU0376,Wonderful Pistachio - Jalapeño Lime,Wonderful Pistachio Variety,Mapped,Wonderful Jalapeño Lime Pistachios,,
SKU0377,Yasso Frozen Greek Yogurt Bar Chocolate Chip Cookie Dough,Yasso Frozen Greek Yogurt Bar Chocolate Chip Cookie Dough,Mapped,Yasso Frozen Greek Yogurt Bar Chocolate Chip Cookie Dough,,
SKU0378,Yasso Frozen Greek Yogurt Creamy Mango,Yasso Frozen Greek Yogurt Creamy Mango,Mapped,Yasso Frozen Greek Yogurt Creamy Mango,,
SKU0380,Zapp's Voodoo Potato Chips 2.5oz,Zapp's Voodoo Potato Chips 2.5oz,Mapped,Zapp's Voodoo Potato Chips 2.5oz,,
SKU0381,Zbar Chocolate Chip,Z-Bar Variety,Mapped,Zbar Chocolate Chip,Z Bar Chocolate,
SKU0382,Zbar Oatmeal Cookie,Z-Bar Variety,Mapped,Zbar Oatmeal Cookie,,
SKU0097,Coca Cola 16.9oz,Coca Cola 16.9oz,Mapped,cocacola original taste 500ml,,
SKU0385,Popchip - Sour Cream & Onion,Popchip Variety,Mapped,popchips sour cream &onion 	0.8oz,,
SKU0298,Snapple - Kiwi Strawberry,Snapple - Kiwi Strawberry,Mapped,snapple Multi-flavor combinations 20oz,,
SKU0390,Snickers,Snickers,Mapped,snickers1.86oz,,
SKU0273,Reese's Peanut Butter Cups,Reese's Peanut Butter Cups,Mapped,reese's 42g,,
,,,,,,
